11517.75,,,,,
11437.52,,,,,
11492.26,,,,,
11433.24,,,,,
11539.99,,,,,
11453.39,,,,,
11358.22,,,,,
11438.39,,,,,
11487.10,,,,,
11423.26,,,,,
11405.34,,,,,
11284.77,,,,,
11238.37,,,,,
11289.49,,,,,
11276.91,,,,,
11376.57,,,,,
11341.31,,,,,
11320.58,,,,,
11387.59,,,,,
11384.40,,,,,
11407.14,,,,,
11389.35,,,,,
11360.40,,,,,
11499.86,,,,,
11490.43,,,,,
11473.35,,,,,
11553.56,,,,,
11632.20,,,,,
11646.49,,,,,
11601.68,,,,,
11582.72,,,,,
11660.12,,,,,
11651.02,,,,,
11597.71,,,,,
11500.18,,,,,
11531.15,,,,,
11658.25,,,,,
11740.60,,,,,
11780.53,,,,,
11813.71,,,,,
11856.46,,,,,
11873.05,,,,,
11925.36,,,,,
11886.91,,,,,
11966.69,,,,,
11864.91,,,,,
11923.89,,,,,
11850.25,,,,,
11821.09,,,,,
11873.18,,,,,
11775.50,,,,,
11879.81,,,,,
11841.97,,,,,
11739.12,,,,,
11745.97,,,,,
11761.10,,,,,
11792.30,,,,,
11599.82,,,,,
11565.88,,,,,
11668.95,,,,,
11723.63,,,,,
11667.54,,,,,
11774.31,,,,,
11827.16,,,,,
11810.99,,,,,
11874.75,,,,,
11745.64,,,,,
11670.30,,,,,
11637.52,,,,,
11563.17,,,,,
11370.69,,,,,
10938.44,,,,,
11065.86,,,,,
11088.58,,,,,
10984.39,,,,,
11045.95,,,,,
11073.77,,,,,
11035.83,,,,,
11005.42,,,,,
11008.90,,,,,
11002.11,,,,,
11192.17,,,,,
11171.32,,,,,
11159.46,,,,,
11120.70,,,,,
11077.94,,,,,
11049.11,,,,,
10947.22,,,,,
10825.39,,,,,
10835.41,,,,,
11077.16,,,,,
11037.29,,,,,
11158.65,,,,,
11133.65,,,,,
11014.43,,,,,
11027.94,,,,,
11192.33,,,,,
11266.33,,,,,
11276.59,,,,,
11329.67,,,,,
11280.05,,,,,
11300.05,,,,,
11270.62,,,,,
11217.45,,,,,
11281.03,,,,,
11160.88,,,,,
11304.23,,,,,
11311.51,,,,,
11335.92,,,,,
11415.88,,,,,
11416.38,,,,,
11514.03,,,,,
11483.35,,,,,
11488.74,,,,,
11547.28,,,,,
11576.75,,,,,
11537.03,,,,,
11414.28,,,,,
11513.83,,,,,
11577.44,,,,,
11584.01,,,,,
11630.13,,,,,
11651.55,,,,,
11616.70,,,,,
11603.53,,,,,
11590.14,,,,,
11565.99,,,,,
11674.79,,,,,
11692.14,,,,,
11659.84,,,,,
11764.26,,,,,
11758.68,,,,,
11764.84,,,,,
11789.35,,,,,
11786.73,,,,,
11695.05,,,,,
11762.65,,,,,
11737.96,,,,,
11835.08,,,,,
11858.31,,,,,
11899.60,,,,,
11946.92,,,,,
11940.20,,,,,
11981.80,,,,,
11883.31,,,,,
11766.48,,,,,
11778.98,,,,,
11900.32,,,,,
12098.08,,,,,
12263.32,,,,,
12261.68,,,,,
12256.55,,,,,
12315.67,,,,,
12273.12,,,,,
12307.37,,,,,
12291.73,,,,,
12452.51,,,,,
12472.93,,,,,
12502.26,,,,,
12405.16,,,,,
12439.48,,,,,
12309.83,,,,,
12453.14,,,,,
12413.60,,,,,
12506.97,,,,,
12600.00,,,,,
12634.88,,,,,
12599.43,,,,,
12607.59,,,,,
12533.89,,,,,
12692.04,,,,,
12896.43,,,,,
12901.95,,,,,
12834.25,,,,,
12986.78,,,,,
12958.68,,,,,
13148.57,,,,,
13196.57,,,,,
13159.36,,,,,
13392.63,,,,,
13310.04,,,,,
13435.91,,,,,
13617.24,,,,,
13574.30,,,,,
13525.28,,,,,
13738.84,,,,,
13689.89,,,,,
13359.51,,,,,
13227.74,,,,,
13556.71,,,,,
13463.74,,,,,
13449.24,,,,,
13420.54,,,,,
13400.29,,,,,
13352.24,,,,,
13129.49,,,,,
13190.46,,,,,
13199.95,,,,,
13106.18,,,,,
13280.62,,,,,
13395.02,,,,,
13417.08,,,,,
13346.54,,,,,
13606.50,,,,,
13867.86,,,,,
13894.78,,,,,
14075.96,,,,,
14061.60,,,,,
14036.73,,,,,
14072.20,,,,,
14080.88,,,,,
14155.06,,,,,
14116.04,,,,,
14091.77,,,,,
14170.87,,,,,
14411.79,,,,,
14623.12,,,,,
14680.43,,,,,
14708.32,,,,,
14742.58,,,,,
14784.29,,,,,
14986.94,,,,,
14927.70,,,,,
14872.15,,,,,
15130.50,,,,,
15421.60,,,,,
15551.31,,,,,
15423.38,,,,,
15484.66,,,,,
15183.36,,,,,
15404.05,,,,,
15738.70,,,,,
15778.86,,,,,
15464.58,,,,,
15254.44,,,,,
15173.07,,,,,
15391.48,,,,,
15641.26,,,,,
15957.57,,,,,
15941.37,,,,,
16107.67,,,,,
15969.40,,,,,
16194.61,,,,,
16344.20,,,,,
16111.43,,,,,
16361.54,,,,,
16425.37,,,,,
16428.21,,,,,
16124.35,,,,,
16363.59,,,,,
16445.19,,,,,
16454.95,,,,,
16268.03,,,,,
15805.95,,,,,
15341.18,,,,,
15696.28,,,,,
15696.69,,,,,
15360.65,,,,,
15648.89,,,,,
15651.00,,,,,
15891.02,,,,,
16460.68,,,,,
16551.23,,,,,
16649.82,,,,,
16480.09,,,,,
16710.55,,,,,
16659.64,,,,,
16747.76,,,,,
16720.99,,,,,
16272.68,,,,,
16439.67,,,,,
16257.83,,,,,
15877.66,,,,,
16184.87,,,,,
15932.83,,,,,
16043.67,,,,,
15713.45,,,,,
15437.93,,,,,
15894.94,,,,,
15781.78,,,,,
16096.10,,,,,
16101.91,,,,,
16192.95,,,,,
16205.43,,,,,
15964.46,,,,,
15909.76,,,,,
15663.34,,,,,
15901.16,,,,,
15726.02,,,,,
15627.49,,,,,
16036.91,,,,,
16115.63,,,,,
16361.51,,,,,
16238.36,,,,,
16319.04,,,,,
16096.21,,,,,
16339.73,,,,,
16624.80,,,,,
16495.48,,,,,
16489.37,,,,,
16560.87,,,,,
16650.10,,,,,
16690.24,,,,,
16938.41,,,,,
17045.34,,,,,
17059.66,,,,,
17333.31,,,,,
17292.91,,,,,
17243.98,,,,,
17489.33,,,,,
17563.37,,,,,
17456.58,,,,,
17418.13,,,,,
17162.55,,,,,
17199.15,,,,,
17233.82,,,,,
17000.36,,,,,
17232.86,,,,,
17350.12,,,,,
17317.53,,,,,
17403.96,,,,,
16914.40,,,,,
16970.29,,,,,
17055.93,,,,,
17114.54,,,,,
16906.23,,,,,
16925.71,,,,,
17153.77,,,,,
17291.67,,,,,
17190.91,,,,,
16951.93,,,,,
16862.14,,,,,
16601.78,,,,,
16486.91,,,,,
16158.42,,,,,
16307.67,,,,,
16087.18,,,,,
16155.45,,,,,
15857.87,,,,,
15599.20,,,,,
15907.20,,,,,
15693.75,,,,,
15970.76,,,,,
15915.68,,,,,
15859.45,,,,,
15467.33,,,,,
15503.74,,,,,
15789.31,,,,,
15668.31,,,,,
15384.86,,,,,
15096.01,,,,,
14633.03,,,,,
14750.84,,,,,
14833.01,,,,,
14218.60,,,,,
14309.56,,,,,
14470.76,,,,,
14879.34,,,,,
14860.35,,,,,
14648.41,,,,,
14644.26,,,,,
15135.69,,,,,
15124.04,,,,,
15152.40,,,,,
15171.81,,,,,
14886.11,,,,,
15121.15,,,,,
15505.18,,,,,
15571.62,,,,,
15638.50,,,,,
15523.94,,,,,
15321.40,,,,,
15307.61,,,,,
15552.81,,,,,
15473.82,,,,,
15249.32,,,,,
15097.95,,,,,
14845.24,,,,,
14437.24,,,,,
14500.26,,,,,
14946.84,,,,,
14821.26,,,,,
14794.50,,,,,
15005.24,,,,,
14884.07,,,,,
15179.78,,,,,
15342.87,,,,,
15456.81,,,,,
15440.91,,,,,
15464.29,,,,,
15470.37,,,,,
15499.18,,,,,
15154.06,,,,,
15464.66,,,,,
15656.59,,,,,
15630.91,,,,,
15565.02,,,,,
15857.11,,,,,
15816.19,,,,,
16071.36,,,,,
16020.84,,,,,
16105.98,,,,,
15969.04,,,,,
16181.17,,,,,
16163.03,,,,,
15960.62,,,,,
15938.66,,,,,
15762.59,,,,,
15890.56,,,,,
15872.02,,,,,
16140.76,,,,,
16134.25,,,,,
16358.07,,,,,
16385.96,,,,,
16284.09,,,,,
16012.41,,,,,
16080.46,,,,,
15794.38,,,,,
15719.34,,,,,
15750.05,,,,,
15942.39,,,,,
15866.93,,,,,
15874.28,,,,,
15718.67,,,,,
15834.23,,,,,
15634.67,,,,,
15633.81,,,,,
15557.45,,,,,
15947.87,,,,,
16024.85,,,,,
16127.58,,,,,
16254.29,,,,,
16242.09,,,,,
16082.55,,,,,
16449.33,,,,,
16436.06,,,,,
16477.25,,,,,
16400.57,,,,,
16368.81,,,,,
16536.54,,,,,
16692.76,,,,,
16611.59,,,,,
16653.00,,,,,
16551.36,,,,,
16651.63,,,,,
16788.82,,,,,
16780.47,,,,,
16699.30,,,,,
16811.60,,,,,
16669.07,,,,,
16351.85,,,,,
16399.39,,,,,
16375.26,,,,,
16350.02,,,,,
16364.76,,,,,
16393.41,,,,,
16215.74,,,,,
16198.57,,,,,
16112.43,,,,,
16022.49,,,,,
16289.55,,,,,
16243.47,,,,,
16163.87,,,,,
16091.73,,,,,
15725.94,,,,,
15734.14,,,,,
15914.23,,,,,
15734.60,,,,,
15885.38,,,,,
15855.26,,,,,
16076.20,,,,,
16274.33,,,,,
16321.78,,,,,
16303.59,,,,,
16265.76,,,,,
16371.28,,,,,
16473.36,,,,,
16417.82,,,,,
16527.99,,,,,
16637.78,,,,,
16692.93,,,,,
16829.20,,,,,
16914.31,,,,,
16962.11,,,,,
16776.88,,,,,
17011.04,,,,,
17047.83,,,,,
17104.96,,,,,
17092.89,,,,,
17169.19,,,,,
17248.63,,,,,
17224.81,,,,,
17225.83,,,,,
17353.67,,,,,
17091.59,,,,,
17237.77,,,,,
16942.40,,,,,
16838.17,,,,,
17057.01,,,,,
17209.92,,,,,
17202.46,,,,,
17261.35,,,,,
17370.93,,,,,
17310.44,,,,,
17424.18,,,,,
17408.57,,,,,
17507.40,,,,,
17458.30,,,,,
17421.93,,,,,
17470.46,,,,,
17490.19,,,,,
17383.42,,,,,
17519.50,,,,,
17547.11,,,,,
17344.80,,,,,
17406.86,,,,,
17292.32,,,,,
17292.48,,,,,
17504.33,,,,,
17621.45,,,,,
17752.64,,,,,
17897.23,,,,,
17875.65,,,,,
17940.09,,,,,
17939.12,,,,,
17913.21,,,,,
18108.79,,,,,
18188.42,,,,,
18215.35,,,,,
18119.92,,,,,
17604.12,,,,,
17453.51,,,,,
17217.93,,,,,
16642.25,,,,,
16844.50,,,,,
16764.62,,,,,
17090.31,,,,,
17164.04,,,,,
17292.39,,,,,
17178.84,,,,,
16676.89,,,,,
16860.39,,,,,
16744.15,,,,,
17009.55,,,,,
17163.20,,,,,
17419.20,,,,,
17480.61,,,,,
17521.96,,,,,
17365.05,,,,,
17254.73,,,,,
17263.94,,,,,
17287.65,,,,,
17028.41,,,,,
17244.05,,,,,
17544.09,,,,,
17491.42,,,,,
17484.78,,,,,
17743.76,,,,,
17664.69,,,,,
17670.07,,,,,
17540.42,,,,,
17363.95,,,,,
17628.30,,,,,
17527.45,,,,,
17667.33,,,,,
17371.97,,,,,
17452.62,,,,,
17455.37,,,,,
17451.77,,,,,
17236.16,,,,,
17429.17,,,,,
17400.41,,,,,
17274.98,,,,,
17394.92,,,,,
17669.83,,,,,
17656.84,,,,,
17748.12,,,,,
17736.96,,,,,
17553.72,,,,,
17677.94,,,,,
17512.98,,,,,
17529.00,,,,,
17498.60,,,,,
17399.58,,,,,
17556.87,,,,,
17680.05,,,,,
17705.12,,,,,
17696.97,,,,,
17481.21,,,,,
17587.59,,,,,
17672.56,,,,,
17588.26,,,,,
17875.75,,,,,
17958.88,,,,,
17973.42,,,,,
18053.81,,,,,
18040.93,,,,,
18053.38,,,,,
17779.09,,,,,
17834.48,,,,,
17760.91,,,,,
17732.77,,,,,
17842.29,,,,,
17971.49,,,,,
18149.52,,,,,
18163.61,,,,,
18211.68,,,,,
18240.30,,,,,
18188.63,,,,,
18087.48,,,,,
18066.11,,,,,
17849.28,,,,,
17932.27,,,,,
18138.36,,,,,
18146.30,,,,,
18149.90,,,,,
18168.72,,,,,
18221.48,,,,,
18140.94,,,,,
18261.98,,,,,
18252.67,,,,,
18049.51,,,,,
17984.14,,,,,
18238.95,,,,,
18217.27,,,,,
18015.58,,,,,
18116.57,,,,,
18157.93,,,,,
17963.64,,,,,
18002.03,,,,,
17858.42,,,,,
17702.09,,,,,
17283.81,,,,,
17289.30,,,,,
17248.89,,,,,
16870.98,,,,,
16984.11,,,,,
16979.86,,,,,
16914.46,,,,,
16921.77,,,,,
17029.28,,,,,
17170.60,,,,,
16764.09,,,,,
16800.05,,,,,
16844.61,,,,,
16475.61,,,,,
16148.49,,,,,
15273.68,,,,,
15732.48,,,,,
15901.34,,,,,
15900.64,,,,,
16316.32,,,,,
16248.97,,,,,
16301.39,,,,,
16287.49,,,,,
16012.83,,,,,
16153.82,,,,,
16569.09,,,,,
16524.93,,,,,
16420.47,,,,,
16158.45,,,,,
16257.00,,,,,
16122.16,,,,,
15764.97,,,,,
15877.67,,,,,
15797.60,,,,,
15821.19,,,,,
16127.42,,,,,
15801.80,,,,,
16381.54,,,,,
16413.79,,,,,
16312.61,,,,,
16401.73,,,,,
16435.74,,,,,
16832.22,,,,,
16785.69,,,,,
16845.96,,,,,
17046.78,,,,,
17199.89,,,,,
17092.49,,,,,
17065.04,,,,,
17159.90,,,,,
17177.89,,,,,
17458.98,,,,,
17331.17,,,,,
17358.15,,,,,
17137.92,,,,,
16955.31,,,,,
17106.09,,,,,
16814.37,,,,,
16438.47,,,,,
16450.58,,,,,
16358.39,,,,,
16284.17,,,,,
16505.63,,,,,
16698.08,,,,,
16651.01,,,,,
16737.63,,,,,
16870.40,,,,,
16517.48,,,,,
16268.92,,,,,
16249.63,,,,,
16096.68,,,,,
15771.57,,,,,
15583.42,,,,,
15197.09,,,,,
15126.63,,,,,
15499.56,,,,,
15396.30,,,,,
15154.61,,,,,
15042.56,,,,,
15211.52,,,,,
14837.66,,,,,
14888.77,,,,,
15135.21,,,,,
15222.85,,,,,
15153.78,,,,,
15513.74,,,,,
15680.67,,,,,
15628.97,,,,,
15480.19,,,,,
15608.88,,,,,
15874.08,,,,,
15956.37,,,,,
15924.39,,,,,
16044.72,,,,,
15932.26,,,,,
15536.52,,,,,
15514.51,,,,,
15249.79,,,,,
15207.86,,,,,
15030.51,,,,,
15031.60,,,,,
15257.00,,,,,
15552.59,,,,,
15653.54,,,,,
15564.69,,,,,
15307.78,,,,,
14691.41,,,,,
14500.55,,,,,
14528.67,,,,,
14599.16,,,,,
14388.11,,,,,
14110.79,,,,,
13972.63,,,,,
13504.51,,,,,
13783.45,,,,,
13861.29,,,,,
13325.94,,,,,
12573.05,,,,,
12829.06,,,,,
13092.78,,,,,
13629.16,,,,,
13087.91,,,,,
13478.86,,,,,
13345.03,,,,,
13592.47,,,,,
13497.16,,,,,
13859.70,,,,,
13745.50,,,,,
13099.24,,,,,
13207.15,,,,,
13017.24,,,,,
13021.96,,,,,
13068.30,,,,,
13626.45,,,,,
13622.56,,,,,
13757.91,,,,,
13310.37,,,,,
13688.28,,,,,
13500.46,,,,,
13914.57,,,,,
13824.72,,,,,
14031.30,,,,,
13925.51,,,,,
13603.02,,,,,
12992.18,,,,,
12992.28,,,,,
12972.06,,,,,
13215.42,,,,,
12782.80,,,,,
12532.13,,,,,
12658.28,,,,,
12861.13,,,,,
12433.44,,,,,
12241.60,,,,,
11787.51,,,,,
11964.16,,,,,
12260.44,,,,,
12482.57,,,,,
12480.09,,,,,
12745.22,,,,,
12706.63,,,,,
12604.58,,,,,
12820.47,,,,,
12525.54,,,,,
12656.42,,,,,
13189.36,,,,,
13389.90,,,,,
13293.22,,,,,
13450.23,,,,,
13250.43,,,,,
13111.89,,,,,
12945.30,,,,,
13323.73,,,,,
12917.51,,,,,
12990.58,,,,,
13146.13,,,,,
13398.30,,,,,
13476.45,,,,,
13696.55,,,,,
13547.82,,,,,
13579.16,,,,,
13540.87,,,,,
13863.47,,,,,
13894.37,,,,,
13849.99,,,,,
13766.86,,,,,
14049.26,,,,,
14102.48,,,,,
13943.26,,,,,
13655.34,,,,,
13743.36,,,,,
13953.73,,,,,
14118.55,,,,,
14251.74,,,,,
14219.48,,,,,
14269.61,,,,,
14160.09,,,,,
13926.30,,,,,
13978.46,,,,,
14012.20,,,,,
13690.19,,,,,
13893.31,,,,,
13709.44,,,,,
14124.47,,,,,
14338.54,,,,,
14440.14,,,,,
14209.17,,,,,
14435.57,,,,,
14341.12,,,,,
14489.44,,,,,
14181.38,,,,,
14021.17,,,,,
14183.48,,,,,
13888.60,,,,,
13973.73,,,,,
14354.37,,,,,
14348.37,,,,,
14452.82,,,,,
14130.17,,,,,
13942.08,,,,,
13857.47,,,,,
13849.56,,,,,
13829.92,,,,,
13822.32,,,,,
13544.36,,,,,
13481.38,,,,,
13463.20,,,,,
13286.37,,,,,
13265.40,,,,,
13237.89,,,,,
13360.04,,,,,
13033.10,,,,,
13052.13,,,,,
13067.21,,,,,
13039.69,,,,,
13010.16,,,,,
12754.56,,,,,
12760.80,,,,,
12887.95,,,,,
12803.70,,,,,
13184.96,,,,,
13312.93,,,,,
13603.31,,,,,
13334.76,,,,,
13353.78,,,,,
13159.45,,,,,
13367.79,,,,,
13376.81,,,,,
13094.59,,,,,
12933.18,,,,,
12914.66,,,,,
13254.89,,,,,
13124.99,,,,,
13168.41,,,,,
13430.91,,,,,
13303.60,,,,,
13023.05,,,,,
12956.80,,,,,
13019.41,,,,,
13165.45,,,,,
12865.05,,,,,
12851.69,,,,,
12752.21,,,,,
12666.04,,,,,
12878.66,,,,,
12778.71,,,,,
12752.96,,,,,
12768.25,,,,,
13072.87,,,,,
12834.18,,,,,
12609.47,,,,,
12689.59,,,,,
12557.66,,,,,
12212.23,,,,,
12624.46,,,,,
12400.65,,,,,
12346.63,,,,,
12102.50,,,,,
12214.76,,,,,
11609.72,,,,,
11749.79,,,,,
11489.30,,,,,
11920.86,,,,,
12090.59,,,,,
12115.03,,,,,
12006.53,,,,,
11893.16,,,,,
11743.61,,,,,
11259.86,,,,,
11368.26,,,,,
11154.76,,,,,
10938.14,,,,,
10473.09,,,,,
10155.90,,,,,
9203.32,,,,,
9157.49,,,,,
8276.43,,,,,
9447.57,,,,,
9547.47,,,,,
8458.45,,,,,
8693.82,,,,,
9005.59,,,,,
9306.25,,,,,
8674.69,,,,,
8460.98,,,,,
7649.08,,,,,
7162.90,,,,,
7621.92,,,,,
8211.90,,,,,
9029.76,,,,,
8576.98,,,,,
9114.60,,,,,
9521.24,,,,,
8899.14,,,,,
8583.00,,,,,
9081.43,,,,,
8809.30,,,,,
8695.51,,,,,
8238.64,,,,,
8462.39,,,,,
8522.58,,,,,
8328.41,,,,,
8273.22,,,,,
7703.04,,,,,
7910.79,,,,,
8323.93,,,,,
8213.22,,,,,
8373.39,,,,,
8512.27,,,,,
8397.22,,,,,
7863.69,,,,,
8004.10,,,,,
7924.24,,,,,
7917.51,,,,,
8329.05,,,,,
8395.87,,,,,
8660.24,,,,,
8720.55,,,,,
8235.87,,,,,
8664.66,,,,,
8568.02,,,,,
8612.52,,,,,
8667.23,,,,,
8588.52,,,,,
8723.78,,,,,
8517.10,,,,,
8599.50,,,,,
8739.52,,,,,
8747.17,,,,,
8859.56,,,,,
9043.12,,,,,
9080.84,,,,,
9239.24,,,,,
8876.42,,,,,
8836.80,,,,,
8413.91,,,,,
8438.45,,,,,
8023.31,,,,,
8230.15,,,,,
8256.85,,,,,
8065.79,,,,,
7901.64,,,,,
8051.74,,,,,
7745.25,,,,,
7682.14,,,,,
8061.07,,,,,
8106.29,,,,,
8251.24,,,,,
7994.05,,,,,
7873.98,,,,,
7825.51,,,,,
8038.94,,,,,
7949.65,,,,,
8076.62,,,,,
7969.03,,,,,
7945.94,,,,,
7705.36,,,,,
7779.40,,,,,
7750.17,,,,,
7645.51,,,,,
7534.44,,,,,
7557.65,,,,,
7416.38,,,,,
7376.16,,,,,
7268.56,,,,,
7461.22,,,,,
7457.93,,,,,
7568.42,,,,,
7280.15,,,,,
7229.72,,,,,
7290.96,,,,,
7433.49,,,,,
7173.10,,,,,
7086.03,,,,,
7054.98,,,,,
7376.12,,,,,
7198.25,,,,,
7569.28,,,,,
7704.15,,,,,
7949.13,,,,,
7972.17,,,,,
7945.96,,,,,
8215.53,,,,,
8488.30,,,,,
8479.99,,,,,
8636.33,,,,,
8626.97,,,,,
8236.08,,,,,
8109.53,,,,,
8351.91,,,,,
8719.78,,,,,
8749.84,,,,,
8857.93,,,,,
8832.85,,,,,
8595.01,,,,,
8916.06,,,,,
8964.11,,,,,
8924.43,,,,,
8842.68,,,,,
8742.96,,,,,
8755.26,,,,,
8907.58,,,,,
8924.75,,,,,
8711.33,,,,,
8727.30,,,,,
8847.01,,,,,
8707.99,,,,,
8726.34,,,,,
8493.77,,,,,
8828.26,,,,,
8977.37,,,,,
9385.70,,,,,
9432.83,,,,,
9451.98,,,,,
9298.61,,,,,
9340.49,,,,,
9093.73,,,,,
9265.02,,,,,
9038.69,,,,,
9290.29,,,,,
9344.64,,,,,
9264.15,,,,,
9225.81,,,,,
9347.00,,,,,
9310.81,,,,,
9438.77,,,,,
9451.39,,,,,
9522.50,,,,,
9677.75,,,,,
9704.31,,,,,
9741.67,,,,,
9668.96,,,,,
9768.01,,,,,
9865.63,,,,,
9786.82,,,,,
9991.49,,,,,
9981.33,,,,,
10135.82,,,,,
10039.67,,,,,
9752.88,,,,,
9840.85,,,,,
9703.72,,,,,
9786.26,,,,,
9826.27,,,,,
9549.61,,,,,
9590.32,,,,,
9796.08,,,,,
9877.39,,,,,
9783.47,,,,,
9958.44,,,,,
9939.93,,,,,
9876.15,,,,,
9816.07,,,,,
9680.87,,,,,
9647.79,,,,,
9420.75,,,,,
9291.06,,,,,
9287.28,,,,,
9050.33,,,,,
9261.81,,,,,
9269.25,,,,,
9344.16,,,,,
9395.32,,,,,
9652.02,,,,,
9723.16,,,,,
9792.94,,,,,
9944.55,,,,,
10088.66,,,,,
10087.26,,,,,
10113.24,,,,,
10165.21,,,,,
10356.83,,,,,
10352.47,,,,,
10375.01,,,,,
10252.53,,,,,
10388.09,,,,,
10412.09,,,,,
10524.26,,,,,
10585.46,,,,,
10435.00,,,,,
10517.19,,,,,
10597.33,,,,,
10268.61,,,,,
10284.96,,,,,
10204.00,,,,,
10383.41,,,,,
10238.20,,,,,
10581.05,,,,,
10497.36,,,,,
10639.71,,,,,
10473.97,,,,,
10534.14,,,,,
10492.53,,,,,
10530.06,,,,,
10280.46,,,,,
10214.64,,,,,
10187.11,,,,,
10320.94,,,,,
10393.23,,,,,
10312.14,,,,,
10513.67,,,,,
10444.33,,,,,
10202.06,,,,,
10217.62,,,,,
10270.77,,,,,
10443.80,,,,,
10370.54,,,,,
10544.22,,,,,
10265.98,,,,,
10009.52,,,,,
10100.20,,,,,
10133.23,,,,,
9978.64,,,,,
9731.87,,,,,
9674.49,,,,,
9691.80,,,,,
9799.60,,,,,
9832.47,,,,,
10016.39,,,,,
10076.56,,,,,
10060.21,,,,,
10238.65,,,,,
10257.56,,,,,
10236.51,,,,,
10336.84,,,,,
10333.39,,,,,
10267.17,,,,,
10282.99,,,,,
10362.62,,,,,
10212.46,,,,,
10075.05,,,,,
9891.10,,,,,
10034.74,,,,,
9802.95,,,,,
9844.31,,,,,
9717.44,,,,,
9789.35,,,,,
9808.99,,,,,
9870.73,,,,,
9871.68,,,,,
9804.49,,,,,
9770.31,,,,,
9791.18,,,,,
9729.93,,,,,
9676.80,,,,,
9549.47,,,,,
9497.68,,,,,
9401.58,,,,,
9441.64,,,,,
9383.24,,,,,
9081.52,,,,,
9345.55,,,,,
9572.20,,,,,
9608.94,,,,,
9977.67,,,,,
10022.59,,,,,
10167.60,,,,,
10140.47,,,,,
10004.72,,,,,
9862.82,,,,,
10107.87,,,,,
10105.68,,,,,
10083.48,,,,,
10177.41,,,,,
10163.80,,,,,
10142.05,,,,,
10183.47,,,,,
10378.03,,,,,
10536.92,,,,,
10494.71,,,,,
10634.23,,,,,
10638.06,,,,,
10546.44,,,,,
10654.79,,,,,
10681.83,,,,,
10731.45,,,,,
10681.66,,,,,
10798.32,,,,,
10879.14,,,,,
10735.03,,,,,
10907.68,,,,,
10982.10,,,,,
10855.08,,,,,
10764.90,,,,,
10737.52,,,,,
10868.41,,,,,
10590.55,,,,,
10512.69,,,,,
10325.28,,,,,
10252.08,,,,,
10414.29,,,,,
10198.04,,,,,
10205.02,,,,,
10371.09,,,,,
10404.33,,,,,
10355.98,,,,,
10057.09,,,,,
9951.82,,,,,
9932.90,,,,,
9963.99,,,,,
10092.19,,,,,
10013.30,,,,,
10034.25,,,,,
10306.83,,,,,
10335.69,,,,,
10123.58,,,,,
10400.47,,,,,
10352.10,,,,,
10198.83,,,,,
10101.96,,,,,
10126.03,,,,,
10172.06,,,,,
10221.84,,,,,
10253.14,,,,,
10145.72,,,,,
10368.96,,,,,
10585.92,,,,,
10567.65,,,,,
10563.92,,,,,
10664.95,,,,,
10751.26,,,,,
10751.98,,,,,
10721.71,,,,,
10846.98,,,,,
10744.03,,,,,
10824.72,,,,,
10774.15,,,,,
10815.03,,,,,
10828.85,,,,,
10996.37,,,,,
10986.47,,,,,
11097.14,,,,,
11089.94,,,,,
11244.40,,,,,
11286.09,,,,,
11339.30,,,,,
11282.32,,,,,
11292.83,,,,,
11168.20,,,,,
11204.34,,,,,
11251.90,,,,,
11161.23,,,,,
11204.90,,,,,
11273.79,,,,,
11102.18,,,,,
10908.77,,,,,
10900.68,,,,,
11090.05,,,,,
10949.09,,,,,
10914.46,,,,,
11165.79,,,,,
11212.66,,,,,
10924.79,,,,,
11057.40,,,,,
10695.69,,,,,
10364.59,,,,,
10530.70,,,,,
10411.10,,,,,
10394.03,,,,,
10620.55,,,,,
10462.51,,,,,
10235.76,,,,,
10242.64,,,,,
10186.84,,,,,
10030.31,,,,,
9784.54,,,,,
9758.40,,,,,
9459.89,,,,,
9522.66,,,,,
9639.72,,,,,
9762.98,,,,,
9768.70,,,,,
9711.83,,,,,
9603.24,,,,,
9914.19,,,,,
9901.19,,,,,
9520.80,,,,,
9537.94,,,,,
9439.13,,,,,
9542.65,,,,,
9705.25,,,,,
9879.85,,,,,
9887.89,,,,,
10067.15,,,,,
9999.40,,,,,
9995.02,,,,,
10238.01,,,,,
10112.89,,,,,
9923.70,,,,,
9928.34,,,,,
9737.48,,,,,
9693.94,,,,,
9570.67,,,,,
9382.64,,,,,
9191.60,,,,,
9203.71,,,,,
9266.78,,,,,
9338.04,,,,,
9279.65,,,,,
9535.74,,,,,
9585.32,,,,,
9548.11,,,,,
9537.23,,,,,
9795.24,,,,,
9685.53,,,,,
9408.36,,,,,
9300.46,,,,,
9278.83,,,,,
9220.88,,,,,
9430.96,,,,,
9503.66,,,,,
9496.85,,,,,
9537.30,,,,,
9570.31,,,,,
9694.01,,,,,
9489.34,,,,,
9653.92,,,,,
9642.12,,,,,
9572.49,,,,,
9551.05,,,,,
9292.85,,,,,
9212.59,,,,,
9253.46,,,,,
9196.67,,,,,
9161.68,,,,,
9240.54,,,,,
9362.68,,,,,
9179.38,,,,,
9116.69,,,,,
8995.14,,,,,
8845.39,,,,,
8906.48,,,,,
8991.06,,,,,
9149.26,,,,,
8824.06,,,,,
8927.02,,,,,
9062.84,,,,,
9114.13,,,,,
9301.32,,,,,
9226.00,,,,,
9024.60,,,,,
9098.39,,,,,
9239.17,,,,,
9321.82,,,,,
9299.31,,,,,
9516.56,,,,,
9509.50,,,,,
9626.09,,,,,
9602.11,,,,,
9566.32,,,,,
9471.67,,,,,
9603.14,,,,,
9495.76,,,,,
9559.38,,,,,
9369.35,,,,,
9404.23,,,,,
9381.06,,,,,
9518.76,,,,,
9691.43,,,,,
9684.81,,,,,
9588.88,,,,,
9388.64,,,,,
9403.51,,,,,
9583.51,,,,,
9500.25,,,,,
9498.49,,,,,
9539.45,,,,,
9381.60,,,,,
9376.48,,,,,
9426.71,,,,,
9401.16,,,,,
9377.38,,,,,
9387.03,,,,,
9366.03,,,,,
9202.45,,,,,
9154.72,,,,,
9159.98,,,,,
9358.78,,,,,
9625.99,,,,,
9732.92,,,,,
9694.49,,,,,
9830.52,,,,,
9861.46,,,,,
9724.81,,,,,
9827.51,,,,,
9797.10,,,,,
9811.66,,,,,
10013.63,,,,,
10022.39,,,,,
10115.19,,,,,
10030.11,,,,,
10079.76,,,,,
10039.56,,,,,
10125.99,,,,,
9937.04,,,,,
9988.05,,,,,
10168.52,,,,,
10178.32,,,,,
10167.23,,,,,
10141.10,,,,,
10232.33,,,,,
10285.88,,,,,
10211.95,,,,,
10293.89,,,,,
10316.77,,,,,
10309.78,,,,,
10311.29,,,,,
10303.83,,,,,
10216.41,,,,,
10370.53,,,,,
10346.48,,,,,
10279.19,,,,,
10355.99,,,,,
10292.63,,,,,
10344.54,,,,,
10228.92,,,,,
10398.10,,,,,
10380.77,,,,,
10529.76,,,,,
10541.04,,,,,
10510.68,,,,,
10512.80,,,,,
10589.76,,,,,
10499.04,,,,,
10502.86,,,,,
10518.98,,,,,
10557.10,,,,,
10437.31,,,,,
10274.52,,,,,
10345.11,,,,,
10464.42,,,,,
10401.90,,,,,
10478.66,,,,,
10360.34,,,,,
10237.92,,,,,
10274.50,,,,,
10457.36,,,,,
10431.36,,,,,
10543.52,,,,,
10592.04,,,,,
10635.98,,,,,
10617.83,,,,,
10605.65,,,,,
10725.54,,,,,
10746.67,,,,,
10808.29,,,,,
10836.64,,,,,
10842.80,,,,,
10857.53,,,,,
10664.70,,,,,
10579.10,,,,,
10452.71,,,,,
10526.76,,,,,
10624.09,,,,,
10754.03,,,,,
10492.38,,,,,
10586.02,,,,,
10693.66,,,,,
10505.02,,,,,
10525.19,,,,,
10589.50,,,,,
10434.38,,,,,
10254.43,,,,,
9620.49,,,,,
8655.00,,,,,
9093.72,,,,,
8962.67,,,,,
9206.75,,,,,
9608.32,,,,,
9449.47,,,,,
9435.01,,,,,
9536.13,,,,,
9478.53,,,,,
9459.08,,,,,
9708.79,,,,,
9755.10,,,,,
9708.39,,,,,
9718.89,,,,,
9615.55,,,,,
9584.37,,,,,
9590.93,,,,,
9768.08,,,,,
9719.70,,,,,
9555.26,,,,,
9641.18,,,,,
9653.92,,,,,
9591.52,,,,,
9556.65,,,,,
9441.03,,,,,
9606.82,,,,,
9685.77,,,,,
9682.21,,,,,
9671.96,,,,,
9558.69,,,,,
9691.84,,,,,
9849.74,,,,,
10004.20,,,,,
9859.20,,,,,
9794.38,,,,,
9818.76,,,,,
9864.26,,,,,
9716.65,,,,,
9648.77,,,,,
9558.30,,,,,
9567.02,,,,,
9662.08,,,,,
9620.82,,,,,
9607.08,,,,,
9460.63,,,,,
9477.17,,,,,
9422.88,,,,,
9562.05,,,,,
9521.94,,,,,
9504.97,,,,,
9693.73,,,,,
9719.61,,,,,
9555.04,,,,,
9492.21,,,,,
9380.35,,,,,
9442.95,,,,,
9449.46,,,,,
9467.15,,,,,
9514.44,,,,,
9448.21,,,,,
9547.79,,,,,
9574.32,,,,,
9411.28,,,,,
9351.40,,,,,
9354.32,,,,,
9459.66,,,,,
9629.43,,,,,
9596.74,,,,,
9678.71,,,,,
9578.31,,,,,
9648.98,,,,,
9797.26,,,,,
9816.09,,,,,
9868.07,,,,,
9965.09,,,,,
9972.46,,,,,
10082.48,,,,,
10071.14,,,,,
10137.73,,,,,
10069.53,,,,,
9925.92,,,,,
9963.14,,,,,
9936.12,,,,,
9974.47,,,,,
9889.72,,,,,
10005.90,,,,,
10010.39,,,,,
10132.11,,,,,
10050.01,,,,,
10097.72,,,,,
10047.19,,,,,
9901.35,,,,,
9833.03,,,,,
9965.01,,,,,
9844.59,,,,,
9637.14,,,,,
9659.18,,,,,
9299.88,,,,,
9097.56,,,,,
8944.48,,,,,
9038.74,,,,,
8981.94,,,,,
8963.72,,,,,
9086.41,,,,,
9107.43,,,,,
9057.26,,,,,
8943.76,,,,,
8719.24,,,,,
8628.13,,,,,
8733.01,,,,,
8639.61,,,,,
8772.36,,,,,
8797.78,,,,,
8851.35,,,,,
8953.90,,,,,
8955.20,,,,,
9060.80,,,,,
8950.74,,,,,
8784.46,,,,,
8590.57,,,,,
8763.41,,,,,
8793.12,,,,,
8737.66,,,,,
8535.67,,,,,
8616.55,,,,,
8518.57,,,,,
8668.86,,,,,
8864.16,,,,,
8721.24,,,,,
8741.16,,,,,
8560.26,,,,,
8374.13,,,,,
8609.95,,,,,
8615.65,,,,,
8701.23,,,,,
8700.29,,,,,
8545.48,,,,,
8456.12,,,,,
8382.98,,,,,
8522.02,,,,,
8605.62,,,,,
8773.68,,,,,
8738.90,,,,,
8823.25,,,,,
8747.96,,,,,
8879.60,,,,,
8741.91,,,,,
8772.54,,,,,
8682.15,,,,,
8678.89,,,,,
8843.98,,,,,
8762.31,,,,,
8748.47,,,,,
8926.54,,,,,
9050.47,,,,,
8988.39,,,,,
8835.52,,,,,
8640.42,,,,,
8801.40,,,,,
8767.09,,,,,
8655.51,,,,,
8755.44,,,,,
8500.80,,,,,
8514.47,,,,,
8603.70,,,,,
8541.93,,,,,
8463.16,,,,,
8479.63,,,,,
8374.91,,,,,
8348.27,,,,,
8314.74,,,,,
8165.18,,,,,
8160.01,,,,,
8287.49,,,,,
8477.82,,,,,
8434.61,,,,,
8597.38,,,,,
8643.75,,,,,
8695.98,,,,,
8575.16,,,,,
8722.17,,,,,
8664.58,,,,,
8536.46,,,,,
8653.82,,,,,
8552.81,,,,,
8519.13,,,,,
8377.37,,,,,
8401.72,,,,,
8296.12,,,,,
8336.48,,,,,
8459.98,,,,,
8395.16,,,,,
8479.34,,,,,
8440.56,,,,,
8423.62,,,,,
8398.89,,,,,
8455.35,,,,,
8560.11,,,,,
8488.71,,,,,
8390.35,,,,,
8422.26,,,,,
8447.88,,,,,
8385.59,,,,,
8500.02,,,,,
8378.36,,,,,
8466.40,,,,,
8550.58,,,,,
8639.68,,,,,
8766.36,,,,,
8765.90,,,,,
8785.33,,,,,
8883.69,,,,,
8849.47,,,,,
8841.22,,,,,
8793.05,,,,,
8802.51,,,,,
8809.79,,,,,
8876.82,,,,,
8831.93,,,,,
8929.20,,,,,
8917.52,,,,,
9015.59,,,,,
9002.24,,,,,
8947.17,,,,,
8999.18,,,,,
9052.07,,,,,
9260.34,,,,,
9238.10,,,,,
9384.17,,,,,
9485.09,,,,,
9463.02,,,,,
9554.00,,,,,
9595.57,,,,,
9647.38,,,,,
9633.93,,,,,
9722.52,,,,,
9723.24,,,,,
9707.37,,,,,
9777.03,,,,,
9698.59,,,,,
9637.63,,,,,
9576.06,,,,,
9768.96,,,,,
9929.74,,,,,
9889.86,,,,,
9899.08,,,,,
10050.52,,,,,
10123.28,,,,,
10129.83,,,,,
10141.99,,,,,
10086.49,,,,,
10127.08,,,,,
10011.47,,,,,
10018.24,,,,,
10255.15,,,,,
10182.57,,,,,
10114.79,,,,,
10083.56,,,,,
10109.87,,,,,
10050.39,,,,,
9819.99,,,,,
9767.61,,,,,
9688.45,,,,,
9546.26,,,,,
9538.02,,,,,
9458.74,,,,,
9524.79,,,,,
9637.99,,,,,
9470.64,,,,,
9464.71,,,,,
9667.26,,,,,
9588.38,,,,,
9561.36,,,,,
9542.17,,,,,
9468.04,,,,,
9561.01,,,,,
9561.83,,,,,
9520.89,,,,,
9350.95,,,,,
9380.25,,,,,
9119.14,,,,,
9181.65,,,,,
9045.06,,,,,
9009.65,,,,,
8953.31,,,,,
8973.84,,,,,
8900.74,,,,,
8801.17,,,,,
8876.59,,,,,
8611.31,,,,,
8633.89,,,,,
8729.29,,,,,
8556.60,,,,,
8563.38,,,,,
8580.39,,,,,
8593.15,,,,,
8657.08,,,,,
8633.19,,,,,
8542.73,,,,,
8440.25,,,,,
8295.63,,,,,
8382.00,,,,,
8533.53,,,,,
8639.72,,,,,
8459.26,,,,,
8624.90,,,,,
8536.72,,,,,
8587.84,,,,,
8568.89,,,,,
8569.32,,,,,
8721.02,,,,,
8655.87,,,,,
8752.31,,,,,
8824.07,,,,,
8798.35,,,,,
8734.62,,,,,
8663.99,,,,,
8730.49,,,,,
8874.11,,,,,
9006.78,,,,,
9003.48,,,,,
9066.59,,,,,
9104.17,,,,,
9079.80,,,,,
9020.75,,,,,
8896.88,,,,,
8857.73,,,,,
8851.00,,,,,
8720.01,,,,,
8724.12,,,,,
8755.00,,,,,
8726.74,,,,,
8795.55,,,,,
8669.87,,,,,
8508.32,,,,,
8488.09,,,,,
8365.90,,,,,
8443.10,,,,,
8566.64,,,,,
8635.44,,,,,
8695.06,,,,,
8641.85,,,,,
8653.18,,,,,
8555.11,,,,,
8726.29,,,,,
8803.31,,,,,
8881.16,,,,,
8978.60,,,,,
8891.44,,,,,
8885.15,,,,,
8929.88,,,,,
8925.04,,,,,
9092.76,,,,,
9162.50,,,,,
9171.16,,,,,
9156.92,,,,,
9131.74,,,,,
9178.12,,,,,
9070.76,,,,,
9085.39,,,,,
9033.29,,,,,
9069.81,,,,,
8983.78,,,,,
8839.91,,,,,
8783.89,,,,,
8775.51,,,,,
8679.82,,,,,
8680.57,,,,,
8871.65,,,,,
8869.37,,,,,
8807.38,,,,,
8959.96,,,,,
8995.15,,,,,
9159.39,,,,,
9123.77,,,,,
9232.21,,,,,
9086.98,,,,,
9110.00,,,,,
9069.29,,,,,
9091.54,,,,,
8906.70,,,,,
8949.87,,,,,
8870.16,,,,,
8796.51,,,,,
8786.05,,,,,
8746.87,,,,,
8824.59,,,,,
8863.30,,,,,
8769.59,,,,,
8596.23,,,,,
8546.78,,,,,
8534.12,,,,,
8577.93,,,,,
8701.31,,,,,
8806.55,,,,,
8982.86,,,,,
9002.68,,,,,
9010.71,,,,,
9014.25,,,,,
8954.30,,,,,
9055.20,,,,,
8933.06,,,,,
8929.34,,,,,
8841.98,,,,,
8928.29,,,,,
8946.87,,,,,
9051.22,,,,,
9007.44,,,,,
8975.15,,,,,
8972.89,,,,,
8837.15,,,,,
8757.60,,,,,
8676.44,,,,,
8661.05,,,,,
8664.73,,,,,
8829.72,,,,,
9024.16,,,,,
9153.20,,,,,
9142.64,,,,,
9222.52,,,,,
9366.80,,,,,
9388.94,,,,,
9423.30,,,,,
9308.35,,,,,
9400.88,,,,,
9446.01,,,,,
9458.18,,,,,
9432.46,,,,,
9468.84,,,,,
9545.16,,,,,
9527.39,,,,,
9533.75,,,,,
9525.32,,,,,
9581.46,,,,,
9742.73,,,,,
9737.56,,,,,
9828.88,,,,,
9923.01,,,,,
10160.40,,,,,
10039.33,,,,,
9940.06,,,,,
10080.12,,,,,
10230.36,,,,,
10322.98,,,,,
10395.18,,,,,
10688.11,,,,,
10599.01,,,,,
10508.06,,,,,
10578.57,,,,,
10652.64,,,,,
10801.57,,,,,
10879.08,,,,,
10600.44,,,,,
10609.64,,,,,
10913.30,,,,,
10747.74,,,,,
10709.93,,,,,
10486.99,,,,,
10620.87,,,,,
10926.65,,,,,
10824.31,,,,,
10866.72,,,,,
11113.95,,,,,
11138.66,,,,,
11191.34,,,,,
11260.35,,,,,
11046.92,,,,,
11463.75,,,,,
11357.07,,,,,
11153.16,,,,,
11369.12,,,,,
11251.41,,,,,
11307.28,,,,,
11173.83,,,,,
11407.87,,,,,
11372.34,,,,,
11468.28,,,,,
11309.13,,,,,
11385.94,,,,,
11662.52,,,,,
11398.81,,,,,
11253.97,,,,,
11559.36,,,,,
11606.38,,,,,
11652.29,,,,,
11683.45,,,,,
11932.27,,,,,
11968.08,,,,,
12283.62,,,,,
12349.05,,,,,
12314.81,,,,,
12239.66,,,,,
12381.19,,,,,
12560.95,,,,,
12220.63,,,,,
12468.23,,,,,
12635.69,,,,,
12338.53,,,,,
12546.46,,,,,
12471.62,,,,,
12493.79,,,,,
12335.96,,,,,
12397.91,,,,,
12135.02,,,,,
12003.43,,,,,
12362.20,,,,,
12634.54,,,,,
12833.64,,,,,
13192.59,,,,,
13192.35,,,,,
13288.13,,,,,
13549.16,,,,,
13485.14,,,,,
13275.66,,,,,
13221.44,,,,,
13382.89,,,,,
13220.07,,,,,
13316.48,,,,,
13568.37,,,,,
13529.65,,,,,
13843.46,,,,,
13926.08,,,,,
13884.13,,,,,
13860.86,,,,,
13799.35,,,,,
13694.04,,,,,
14180.24,,,,,
14285.69,,,,,
14191.48,,,,,
14607.54,,,,,
14782.21,,,,,
14758.42,,,,,
15096.03,,,,,
15037.24,,,,,
15138.12,,,,,
15360.81,,,,,
15381.02,,,,,
15627.26,,,,,
14483.98,,,,,
14612.45,,,,,
14142.65,,,,,
14311.98,,,,,
14326.46,,,,,
13589.03,,,,,
13774.54,,,,,
13261.82,,,,,
13533.76,,,,,
13014.87,,,,,
12904.02,,,,,
12877.53,,,,,
13514.20,,,,,
13317.62,,,,,
13289.32,,,,,
12445.38,,,,,
12686.52,,,,,
13033.12,,,,,
13007.28,,,,,
13245.22,,,,,
13014.58,,,,,
13230.13,,,,,
13062.78,,,,,
12969.34,,,,,
12834.01,,,,,
13213.55,,,,,
13677.32,,,,,
13852.50,,,,,
14098.74,,,,,
14055.56,,,,,
14018.93,,,,,
14309.97,,,,,
14109.34,,,,,
14472.90,,,,,
14416.60,,,,,
14472.58,,,,,
14506.25,,,,,
14599.12,,,,,
14615.04,,,,,
14808.50,,,,,
14589.91,,,,,
14658.04,,,,,
14778.51,,,,,
14731.28,,,,,
14562.93,,,,,
14129.98,,,,,
13661.13,,,,,
13869.82,,,,,
13668.32,,,,,
14005.77,,,,,
14466.16,,,,,
14258.04,,,,,
14401.06,,,,,
13824.94,,,,,
13605.56,,,,,
13615.19,,,,,
13519.43,,,,,
13867.00,,,,,
14050.16,,,,,
13752.94,,,,,
13650.11,,,,,
13758.13,,,,,
13396.38,,,,,
13424.33,,,,,
13365.17,,,,,
13660.55,,,,,
13636.28,,,,,
13542.37,,,,,
13338.46,,,,,
13459.71,,,,,
13388.86,,,,,
13572.92,,,,,
13978.44,,,,,
14053.87,,,,,
14064.82,,,,,
13860.81,,,,,
14205.23,,,,,
14423.36,,,,,
14425.07,,,,,
14387.27,,,,,
14404.67,,,,,
14311.67,,,,,
14505.36,,,,,
14766.18,,,,,
14742.42,,,,,
14732.61,,,,,
14620.53,,,,,
14799.12,,,,,
14760.07,,,,,
14455.80,,,,,
14484.72,,,,,
14170.49,,,,,
14157.25,,,,,
14024.31,,,,,
13853.32,,,,,
13894.61,,,,,
14037.84,,,,,
14194.71,,,,,
14404.74,,,,,
14441.54,,,,,
14467.14,,,,,
14586.51,,,,,
14561.54,,,,,
14693.57,,,,,
14713.25,,,,,
14426.05,,,,,
14486.41,,,,,
14088.19,,,,,
14396.04,,,,,
14325.98,,,,,
14502.35,,,,,
14327.94,,,,,
14201.57,,,,,
14225.37,,,,,
14337.31,,,,,
14228.44,,,,,
14086.80,,,,,
14269.84,,,,,
14588.68,,,,,
14567.16,,,,,
14876.41,,,,,
15165.92,,,,,
15164.30,,,,,
15126.56,,,,,
15076.08,,,,,
15365.60,,,,,
15381.72,,,,,
15619.13,,,,,
15515.24,,,,,
15449.63,,,,,
15727.12,,,,,
15661.87,,,,,
15655.07,,,,,
15749.66,,,,,
15407.94,,,,,
15177.49,,,,,
15299.86,,,,,
15650.21,,,,,
15611.31,,,,,
15515.06,,,,,
15341.82,,,,,
15403.11,,,,,
15152.91,,,,,
15278.63,,,,,
15587.80,,,,,
15859.22,,,,,
15870.42,,,,,
15889.33,,,,,
16009.99,,,,,
16174.44,,,,,
16178.94,,,,,
16291.31,,,,,
15908.88,,,,,
15814.37,,,,,
16121.45,,,,,
15880.33,,,,,
15912.06,,,,,
15422.40,,,,,
15808.73,,,,,
15747.20,,,,,
15734.46,,,,,
15641.68,,,,,
15795.96,,,,,
15820.96,,,,,
15695.89,,,,,
15391.56,,,,,
15005.73,,,,,
14980.16,,,,,
15383.91,,,,,
15007.06,,,,,
14914.53,,,,,
14619.13,,,,,
14008.47,,,,,
14180.38,,,,,
14155.12,,,,,
14462.41,,,,,
14718.34,,,,,
14800.06,,,,,
14534.74,,,,,
14313.03,,,,,
14393.11,,,,,
14843.24,,,,,
14766.53,,,,,
14449.18,,,,,
14865.67,,,,,
14837.68,,,,,
15051.60,,,,,
14970.97,,,,,
14923.11,,,,,
14841.07,,,,,
14652.23,,,,,
14721.48,,,,,
14897.63,,,,,
15134.75,,,,,
15274.07,,,,,
15120.14,,,,,
15224.11,,,,,
14830.39,,,,,
14815.98,,,,,
14327.66,,,,,
14277.67,,,,,
14411.27,,,,,
14462.52,,,,,
14224.23,,,,,
14475.30,,,,,
14423.19,,,,,
14477.16,,,,,
14622.89,,,,,
14696.03,,,,,
14827.83,,,,,
14791.99,,,,,
14946.32,,,,,
15071.88,,,,,
15063.77,,,,,
14808.85,,,,,
14606.88,,,,,
14299.69,,,,,
14300.12,,,,,
13960.05,,,,,
13910.16,,,,,
13996.81,,,,,
14417.68,,,,,
14417.53,,,,,
14516.27,,,,,
14512.38,,,,,
14388.77,,,,,
14546.27,,,,,
14404.99,,,,,
14429.26,,,,,
14288.23,,,,,
14304.11,,,,,
14485.13,,,,,
14457.51,,,,,
14033.45,,,,,
14163.78,,,,,
14199.59,,,,,
14149.52,,,,,
14425.44,,,,,
14405.76,,,,,
14298.21,,,,,
14096.59,,,,,
14006.44,,,,,
14075.25,,,,,
14042.17,,,,,
14337.79,,,,,
14462.17,,,,,
14602.52,,,,,
14636.52,,,,,
14670.95,,,,,
14681.72,,,,,
14632.38,,,,,
14935.92,,,,,
15034.25,,,,,
15067.96,,,,,
15079.37,,,,,
15077.24,,,,,
15124.00,,,,,
14994.80,,,,,
15069.48,,,,,
14973.53,,,,,
15097.84,,,,,
14933.29,,,,,
14975.97,,,,,
15115.80,,,,,
15361.16,,,,,
15349.42,,,,,
15369.28,,,,,
15376.24,,,,,
15266.61,,,,,
15308.49,,,,,
15095.00,,,,,
15162.10,,,,,
15326.20,,,,,
15369.97,,,,,
15348.29,,,,,
15437.13,,,,,
15379.44,,,,,
15314.41,,,,,
15302.65,,,,,
15216.47,,,,,
15164.04,,,,,
15296.82,,,,,
15395.16,,,,,
15379.30,,,,,
15370.26,,,,,
15215.71,,,,,
15343.28,,,,,
15328.56,,,,,
15284.42,,,,,
15457.87,,,,,
15529.40,,,,,
15618.07,,,,,
15646.23,,,,,
15620.77,,,,,
15523.11,,,,,
15474.50,,,,,
15320.31,,,,,
15159.79,,,,,
15232.37,,,,,
14778.37,,,,,
15130.52,,,,,
15161.31,,,,,
15213.63,,,,,
15314.57,,,,,
15318.34,,,,,
15322.60,,,,,
15449.79,,,,,
15454.45,,,,,
15586.20,,,,,
15539.19,,,,,
15613.25,,,,,
15521.22,,,,,
15534.82,,,,,
15459.86,,,,,
15424.59,,,,,
15476.60,,,,,
15668.60,,,,,
15728.35,,,,,
15676.18,,,,,
15668.68,,,,,
15705.11,,,,,
15749.15,,,,,
15788.78,,,,,
15909.20,,,,,
15948.29,,,,,
15911.53,,,,,
15888.67,,,,,
16067.57,,,,,
16321.17,,,,,
16205.90,,,,,
16167.45,,,,,
16374.14,,,,,
16229.86,,,,,
16310.64,,,,,
16173.52,,,,,
16082.25,,,,,
15661.99,,,,,
15708.65,,,,,
15890.95,,,,,
15783.83,,,,,
15595.98,,,,,
15478.93,,,,,
15300.55,,,,,
14936.51,,,,,
15073.52,,,,,
14738.38,,,,,
14532.51,,,,,
15111.23,,,,,
14804.28,,,,,
15195.77,,,,,
15138.96,,,,,
15291.64,,,,,
15388.72,,,,,
15329.91,,,,,
15553.91,,,,,
15658.20,,,,,
16413.76,,,,,
16862.47,,,,,
16937.32,,,,,
16792.48,,,,,
16880.38,,,,,
16780.53,,,,,
17124.11,,,,,
17197.05,,,,,
17392.79,,,,,
17490.83,,,,,
16973.80,,,,,
17344.06,,,,,
17288.75,,,,,
17300.86,,,,,
17357.51,,,,,
17407.62,,,,,
17383.58,,,,,
17248.50,,,,,
17459.85,,,,,
17590.10,,,,,
17663.22,,,,,
17720.43,,,,,
17887.21,,,,,
17920.45,,,,,
17935.64,,,,,
17813.38,,,,,
17412.58,,,,,
17257.40,,,,,
17371.58,,,,,
17099.40,,,,,
16755.32,,,,,
16819.73,,,,,
17210.05,,,,,
17621.40,,,,,
17635.14,,,,,
17854.23,,,,,
17808.75,,,,,
17818.96,,,,,
17729.84,,,,,
17450.77,,,,,
17408.71,,,,,
16883.19,,,,,
16885.33,,,,,
17167.10,,,,,
17197.73,,,,,
17087.71,,,,,
16795.96,,,,,
17108.70,,,,,
16864.16,,,,,
17014.29,,,,,
17366.30,,,,,
17280.48,,,,,
17329.02,,,,,
17511.75,,,,,
17468.52,,,,,
17768.30,,,,,
17795.73,,,,,
17606.22,,,,,
17674.39,,,,,
17558.04,,,,,
17335.85,,,,,
17678.74,,,,,
17504.62,,,,,
17648.50,,,,,
17711.93,,,,,
17652.68,,,,,
17979.72,,,,,
17913.36,,,,,
18004.77,,,,,
17987.09,,,,,
18199.17,,,,,
18264.79,,,,,
18332.30,,,,,
18466.92,,,,,
18603.48,,,,,
18585.20,,,,,
18785.79,,,,,
18797.94,,,,,
18826.88,,,,,
18815.16,,,,,
18703.60,,,,,
18751.84,,,,,
18971.00,,,,,
18790.55,,,,,
18665.11,,,,,
18723.52,,,,,
18991.11,,,,,
19254.25,,,,,
19246.06,,,,,
19437.00,,,,,
19544.48,,,,,
19476.56,,,,,
19560.22,,,,,
19754.36,,,,,
19713.45,,,,,
19746.20,,,,,
19471.12,,,,,
19285.63,,,,,
19411.40,,,,,
19206.99,,,,,
19034.84,,,,,
19312.79,,,,,
19435.08,,,,,
19397.98,,,,,
19640.54,,,,,
19789.81,,,,,
19937.72,,,,,
19907.63,,,,,
19905.46,,,,,
19908.68,,,,,
19869.76,,,,,
19885.77,,,,,
19652.88,,,,,
19634.49,,,,,
19909.09,,,,,
20133.90,,,,,
20187.65,,,,,
20020.04,,,,,
19983.32,,,,,
20058.95,,,,,
19520.01,,,,,
19531.63,,,,,
19291.99,,,,,
19379.19,,,,,
19620.91,,,,,
19624.84,,,,,
19764.72,,,,,
19570.24,,,,,
19732.92,,,,,
19890.27,,,,,
20026.38,,,,,
20196.56,,,,,
20202.87,,,,,
20264.41,,,,,
20413.77,,,,,
20437.48,,,,,
20472.58,,,,,
20551.46,,,,,
20563.15,,,,,
20569.87,,,,,
20543.19,,,,,
20473.51,,,,,
20488.19,,,,,
20460.90,,,,,
20457.19,,,,,
20096.30,,,,,
20046.36,,,,,
20382.97,,,,,
20407.08,,,,,
20387.79,,,,,
20257.94,,,,,
20219.27,,,,,
19990.82,,,,,
20174.24,,,,,
20428.19,,,,,
20809.42,,,,,
20868.03,,,,,
20771.40,,,,,
20706.15,,,,,
20109.95,,,,,
20235.73,,,,,
20329.32,,,,,
20522.50,,,,,
20539.79,,,,,
20112.12,,,,,
20376.59,,,,,
19737.64,,,,,
19855.50,,,,,
19779.83,,,,,
20089.77,,,,,
20385.33,,,,,
20463.33,,,,,
20600.12,,,,,
20650.92,,,,,
20841.97,,,,,
20593.67,,,,,
20683.95,,,,,
20544.53,,,,,
20350.10,,,,,
20328.89,,,,,
20302.91,,,,,
20522.83,,,,,
20585.24,,,,,
20548.11,,,,,
20520.36,,,,,
20614.06,,,,,
20664.44,,,,,
20724.56,,,,,
20808.69,,,,,
20720.75,,,,,
20392.77,,,,,
20595.55,,,,,
20519.45,,,,,
20620.26,,,,,
20554.47,,,,,
20222.63,,,,,
20033.52,,,,,
19435.83,,,,,
18540.68,,,,,
17806.70,,,,,
18376.83,,,,,
18574.44,,,,,
19136.32,,,,,
18890.48,,,,,
18165.69,,,,,
18095.40,,,,,
18182.39,,,,,
17792.16,,,,,
17860.47,,,,,
17427.08,,,,,
18770.51,,,,,
18299.62,,,,,
18264.22,,,,,
17965.70,,,,,
18026.48,,,,,
18171.60,,,,,
18432.27,,,,,
18070.21,,,,,
17571.83,,,,,
17880.51,,,,,
17645.11,,,,,
16930.84,,,,,
17388.15,,,,,
17722.42,,,,,
17725.13,,,,,
18005.49,,,,,
18186.10,,,,,
18322.98,,,,,
18141.17,,,,,
18438.67,,,,,
18234.74,,,,,
17891.00,,,,,
18096.90,,,,,
18291.80,,,,,
18131.23,,,,,
18207.15,,,,,
18554.28,,,,,
18435.87,,,,,
18825.30,,,,,
18947.12,,,,,
18777.04,,,,,
18903.02,,,,,
18935.71,,,,,
19083.10,,,,,
18683.24,,,,,
18926.91,,,,,
19116.41,,,,,
19265.60,,,,,
19642.74,,,,,
19671.26,,,,,
19691.39,,,,,
19697.77,,,,,
19596.91,,,,,
19393.69,,,,,
19630.63,,,,,
19649.18,,,,,
19859.81,,,,,
19879.81,,,,,
19924.89,,,,,
19847.58,,,,,
19944.41,,,,,
19883.94,,,,,
19747.47,,,,,
20012.40,,,,,
19938.13,,,,,
19939.90,,,,,
19504.48,,,,,
19698.15,,,,,
19492.60,,,,,
19301.07,,,,,
19046.55,,,,,
19230.48,,,,,
18883.42,,,,,
18565.90,,,,,
19049.91,,,,,
19353.56,,,,,
18986.80,,,,,
18916.02,,,,,
18886.70,,,,,
18789.69,,,,,
18769.06,,,,,
18873.35,,,,,
18982.23,,,,,
19033.71,,,,,
18450.98,,,,,
18374.00,,,,,
18191.32,,,,,
17767.34,,,,,
17697.96,,,,,
17218.96,,,,,
17715.63,,,,,
17240.95,,,,,
17147.11,,,,,
16955.57,,,,,
17048.37,,,,,
16416.19,,,,,
16017.26,,,,,
16958.53,,,,,
17110.91,,,,,
16708.90,,,,,
17163.92,,,,,
17041.45,,,,,
17518.30,,,,,
17865.23,,,,,
17750.68,,,,,
17191.25,,,,,
17044.99,,,,,
16819.59,,,,,
17004.30,,,,,
16085.44,,,,,
15713.39,,,,,
14952.61,,,,,
16022.58,,,,,
16054.43,,,,,
15836.36,,,,,
16196.80,,,,,
15967.17,,,,,
16111.05,,,,,
16052.05,,,,,
15915.79,,,,,
16140.34,,,,,
16188.41,,,,,
16026.76,,,,,
16085.51,,,,,
16746.55,,,,,
16960.16,,,,,
17014.78,,,,,
16911.32,,,,,
16783.15,,,,,
16642.20,,,,,
16852.35,,,,,
16938.87,,,,,
17233.75,,,,,
17117.07,,,,,
16974.45,,,,,
16936.38,,,,,
16724.81,,,,,
17048.55,,,,,
17000.98,,,,,
16892.33,,,,,
17002.75,,,,,
17134.37,,,,,
17103.53,,,,,
16878.96,,,,,
16758.67,,,,,
16164.16,,,,,
16123.27,,,,,
15732.82,,,,,
15715.36,,,,,
15749.84,,,,,
15821.52,,,,,
15751.13,,,,,
15928.79,,,,,
16381.22,,,,,
16911.05,,,,,
16848.03,,,,,
16275.95,,,,,
16874.44,,,,,
16906.54,,,,,
17363.62,,,,,
17572.49,,,,,
17439.30,,,,,
17353.28,,,,,
17290.49,,,,,
16666.05,,,,,
16147.38,,,,,
16106.72,,,,,
16216.03,,,,,
16565.19,,,,,
16579.01,,,,,
16646.34,,,,,
16412.21,,,,,
16466.40,,,,,
16652.80,,,,,
16644.69,,,,,
16646.66,,,,,
16736.35,,,,,
16654.60,,,,,
16498.76,,,,,
16757.35,,,,,
16772.46,,,,,
16834.84,,,,,
17068.02,,,,,
17234.98,,,,,
16955.73,,,,,
16562.55,,,,,
16642.23,,,,,
16580.03,,,,,
16675.45,,,,,
16830.92,,,,,
16668.41,,,,,
16601.36,,,,,
16019.18,,,,,
15859.00,,,,,
15919.58,,,,,
15434.14,,,,,
15599.66,,,,,
15965.30,,,,,
16169.11,,,,,
16065.72,,,,,
16238.35,,,,,
14952.02,,,,,
15309.21,,,,,
15323.14,,,,,
15566.83,,,,,
15575.92,,,,,
15682.48,,,,,
15775.80,,,,,
15669.33,,,,,
15378.99,,,,,
15276.24,,,,,
15106.98,,,,,
15708.82,,,,,
16095.65,,,,,
16231.43,,,,,
16385.89,,,,,
16497.85,,,,,
16723.31,,,,,
16681.89,,,,,
16810.22,,,,,
16627.25,,,,,
16620.29,,,,,
16383.04,,,,,
16664.82,,,,,
16476.84,,,,,
16569.27,,,,,
16635.77,,,,,
16391.45,,,,,
16083.11,,,,,
16254.89,,,,,
16254.45,,,,,
16650.57,,,,,
16764.97,,,,,
16735.12,,,,,
16919.92,,,,,
16869.56,,,,,
16596.51,,,,,
16745.64,,,,,
16486.01,,,,,
16545.82,,,,,
16598.19,,,,,
16497.36,,,,,
16597.30,,,,,
16555.95,,,,,
16360.71,,,,,
16737.49,,,,,
16725.36,,,,,
16887.40,,,,,
16926.84,,,,,
16925.68,,,,,
17037.63,,,,,
17081.98,,,,,
17012.44,,,,,
16958.77,,,,,
16965.76,,,,,
16672.92,,,,,
16729.04,,,,,
16614.24,,,,,
16405.01,,,,,
16519.29,,,,,
16492.15,,,,,
16807.62,,,,,
16754.02,,,,,
16544.56,,,,,
16683.93,,,,,
16465.40,,,,,
16693.71,,,,,
16449.84,,,,,
16598.67,,,,,
16735.65,,,,,
16819.24,,,,,
16899.10,,,,,
16860.09,,,,,
17024.76,,,,,
16840.00,,,,,
16774.24,,,,,
16856.37,,,,,
16900.12,,,,,
16963.61,,,,,
16998.91,,,,,
17235.50,,,,,
17184.59,,,,,
17234.42,,,,,
17365.25,,,,,
17391.84,,,,,
17336.42,,,,,
17446.41,,,,,
17425.02,,,,,
17442.40,,,,,
17134.68,,,,,
16905.36,,,,,
17177.21,,,,,
17171.38,,,,,
16251.54,,,,,
17344.42,,,,,
17374.79,,,,,
17672.62,,,,,
17668.15,,,,,
17862.21,,,,,
17862.63,,,,,
17967.41,,,,,
18106.02,,,,,
18162.94,,,,,
18333.41,,,,,
18381.22,,,,,
18356.89,,,,,
18307.04,,,,,
18308.48,,,,,
18513.12,,,,,
18426.08,,,,,
18274.99,,,,,
18360.54,,,,,
18496.69,,,,,
18765.47,,,,,
18996.37,,,,,
19155.03,,,,,
19250.52,,,,,
19253.61,,,,,
19273.79,,,,,
19401.15,,,,,
19391.60,,,,,
19494.53,,,,,
19444.49,,,,,
19427.67,,,,,
19396.64,,,,,
19403.06,,,,,
19401.72,,,,,
19145.14,,,,,
19114.37,,,,,
19594.16,,,,,
19520.69,,,,,
19454.33,,,,,
19301.44,,,,,
19364.67,,,,,
19134.70,,,,,
19287.28,,,,,
19095.24,,,,,
18813.53,,,,,
18894.37,,,,,
19072.25,,,,,
19137.91,,,,,
18891.03,,,,,
18787.99,,,,,
19057.50,,,,,
19402.39,,,,,
19467.40,,,,,
19368.85,,,,,
19041.34,,,,,
19148.08,,,,,
18914.58,,,,,
18918.20,,,,,
18976.71,,,,,
18910.78,,,,,
19007.60,,,,,
18907.67,,,,,
19378.93,,,,,
19459.15,,,,,
19238.98,,,,,
19437.98,,,,,
19347.53,,,,,
19234.62,,,,,
19251.08,,,,,
19381.44,,,,,
19379.87,,,,,
19371.46,,,,,
19283.54,,,,,
19107.47,,,,,
19118.99,,,,,
19393.54,,,,,
19564.80,,,,,
19469.17,,,,,
19379.14,,,,,
19344.15,,,,,
19254.03,,,,,
19318.58,,,,,
19604.61,,,,,
19633.75,,,,,
19609.50,,,,,
19577.38,,,,,
19590.14,,,,,
19521.59,,,,,
19455.88,,,,,
19041.38,,,,,
19085.31,,,,,
19262.53,,,,,
19060.50,,,,,
18985.59,,,,,
19202.87,,,,,
19217.48,,,,,
19063.22,,,,,
18909.26,,,,,
18979.00,,,,,
18983.23,,,,,
18810.25,,,,,
18861.27,,,,,
18597.06,,,,,
18664.63,,,,,
18800.50,,,,,
18797.88,,,,,
18747.87,,,,,
18552.61,,,,,
18426.84,,,,,
18335.63,,,,,
18240.50,,,,,
18355.26,,,,,
18418.59,,,,,
18432.20,,,,,
18430.49,,,,,
18620.75,,,,,
18909.00,,,,,
18875.88,,,,,
19079.33,,,,,
19289.43,,,,,
19251.87,,,,,
19196.74,,,,,
19202.50,,,,,
19310.52,,,,,
19445.70,,,,,
19729.00,,,,,
19895.70,,,,,
19843.00,,,,,
19900.09,,,,,
19961.55,,,,,
19883.90,,,,,
19869.85,,,,,
19919.82,,,,,
19814.88,,,,,
19553.86,,,,,
19590.76,,,,,
19674.50,,,,,
19678.28,,,,,
19613.28,,,,,
19742.98,,,,,
19813.13,,,,,
19686.84,,,,,
19686.00,,,,,
19682.57,,,,,
19677.85,,,,,
19650.57,,,,,
19860.03,,,,,
20177.28,,,,,
20122.50,,,,,
20170.82,,,,,
19979.90,,,,,
19984.62,,,,,
19909.26,,,,,
20013.26,,,,,
19917.50,,,,,
19908.58,,,,,
19898.75,,,,,
19883.52,,,,,
19831.82,,,,,
19943.26,,,,,
19965.00,,,,,
20067.75,,,,,
20230.41,,,,,
20138.79,,,,,
20110.51,,,,,
20132.67,,,,,
20118.00,,,,,
20153.35,,,,,
20225.09,,,,,
20130.41,,,,,
20220.30,,,,,
20033.43,,,,,
20044.00,,,,,
20055.80,,,,,
20032.35,,,,,
20081.63,,,,,
19994.06,,,,,
19929.09,,,,,
20080.98,,,,,
20195.48,,,,,
20098.38,,,,,
20099.81,,,,,
20118.86,,,,,
20063.50,,,,,
19999.91,,,,,
20020.86,,,,,
20144.59,,,,,
20099.75,,,,,
19970.00,,,,,
19975.67,,,,,
19955.20,,,,,
20050.16,,,,,
20079.64,,,,,
19959.84,,,,,
19953.50,,,,,
19925.18,,,,,
19985.79,,,,,
20080.04,,,,,
20029.26,,,,,
19952.33,,,,,
20069.00,,,,,
20055.89,,,,,
19996.01,,,,,
19738.71,,,,,
19729.74,,,,,
19556.00,,,,,
19537.10,,,,,
19753.31,,,,,
19729.28,,,,,
19702.63,,,,,
19470.41,,,,,
19510.00,,,,,
19393.13,,,,,
19383.84,,,,,
19434.64,,,,,
19353.77,,,,,
19452.61,,,,,
19485.00,,,,,
19449.90,,,,,
19362.55,,,,,
19506.54,,,,,
19646.24,,,,,
19691.47,,,,,
19601.50,,,,,
19508.25,,,,,
19385.81,,,,,
19357.97,,,,,
19396.52,,,,,
19274.82,,,,,
19435.00,,,,,
19545.77,,,,,
19776.62,,,,,
19865.82,,,,,
19807.44,,,,,
19909.50,,,,,
20126.00,,,,,
20299.38,,,,,
20310.46,,,,,
20347.48,,,,,
20296.45,,,,,
20427.50,,,,,
20397.58,,,,,
20330.19,,,,,
20267.05,,,,,
20363.11,,,,,
20356.28,,,,,
20397.50,,,,,
20400.78,,,,,
20614.07,,,,,
20626.66,,,,,
20628.56,,,,,
20690.71,,,,,
20823.51,,,,,
20881.27,,,,,
20954.72,,,,,
21155.18,,,,,
21235.00,,,,,
21255.56,,,,,
21336.12,,,,,
21363.05,,,,,
21448.52,,,,,
21457.64,,,,,
21737.50,,,,,
21696.65,,,,,
21805.17,,,,,
21707.62,,,,,
21739.78,,,,,
22008.45,,,,,
22055.00,,,,,
22011.67,,,,,
22011.61,,,,,
22420.08,,,,,
22539.12,,,,,
22548.35,,,,,
22937.60,,,,,
22913.82,,,,,
22868.71,,,,,
22681.42,,,,,
22380.99,,,,,
22380.01,,,,,
22028.32,,,,,
22351.12,,,,,
22396.80,,,,,
22261.76,,,,,
22416.48,,,,,
22523.15,,,,,
22550.85,,,,,
22495.99,,,,,
22486.24,,,,,
22597.20,,,,,
22724.96,,,,,
22819.03,,,,,
22707.16,,,,,
22622.38,,,,,
22177.04,,,,,
22498.03,,,,,
22811.08,,,,,
22938.73,,,,,
22866.17,,,,,
22758.07,,,,,
22694.45,,,,,
22553.22,,,,,
22901.77,,,,,
22868.00,,,,,
22891.72,,,,,
22866.10,,,,,
22902.76,,,,,
22939.18,,,,,
22892.69,,,,,
22911.21,,,,,
22783.98,,,,,
22764.94,,,,,
23506.33,,,,,
23714.53,,,,,
23849.99,,,,,
23788.20,,,,,
23710.43,,,,,
23653.82,,,,,
23714.88,,,,,
23951.81,,,,,
23868.34,,,,,
23763.37,,,,,
23808.06,,,,,
23816.33,,,,,
24124.15,,,,,
23940.78,,,,,
23669.49,,,,,
23631.88,,,,,
23629.34,,,,,
23291.97,,,,,
23098.29,,,,,
23486.11,,,,,
23274.53,,,,,
22682.08,,,,,
21610.24,,,,,
21645.37,,,,,
21890.86,,,,,
21382.62,,,,,
21244.68,,,,,
21154.17,,,,,
21464.98,,,,,
21720.25,,,,,
22149.21,,,,,
21925.10,,,,,
21970.81,,,,,
21736.44,,,,,
21892.78,,,,,
22153.63,,,,,
22389.86,,,,,
22068.24,,,,,
21724.47,,,,,
21181.64,,,,,
21042.09,,,,,
21417.76,,,,,
21252.72,,,,,
21368.07,,,,,
21469.20,,,,,
21824.03,,,,,
21968.10,,,,,
21777.29,,,,,
21803.95,,,,,
21676.51,,,,,
21480.90,,,,,
21380.97,,,,,
21591.99,,,,,
20617.86,,,,,
20766.10,,,,,
21317.32,,,,,
21031.31,,,,,
21159.08,,,,,
21454.30,,,,,
21388.58,,,,,
21292.29,,,,,
21319.55,,,,,
21645.42,,,,,
21567.52,,,,,
21678.26,,,,,
21794.32,,,,,
21687.10,,,,,
21660.28,,,,,
21778.74,,,,,
21835.53,,,,,
21847.59,,,,,
22158.20,,,,,
22191.18,,,,,
22162.24,,,,,
22088.04,,,,,
22278.12,,,,,
22215.32,,,,,
22319.61,,,,,
22467.87,,,,,
22508.03,,,,,
22472.78,,,,,
22467.16,,,,,
22508.69,,,,,
22408.88,,,,,
22497.18,,,,,
22758.48,,,,,
22865.86,,,,,
22818.02,,,,,
22717.23,,,,,
22838.37,,,,,
22930.36,,,,,
23002.37,,,,,
22960.34,,,,,
22689.74,,,,,
22437.01,,,,,
22450.79,,,,,
22481.09,,,,,
22358.43,,,,,
22018.52,,,,,
22201.82,,,,,
22171.35,,,,,
22475.94,,,,,
22539.54,,,,,
22625.73,,,,,
22823.26,,,,,
22694.50,,,,,
22804.04,,,,,
22878.35,,,,,
22966.38,,,,,
22738.61,,,,,
22851.75,,,,,
22680.33,,,,,
22278.48,,,,,
22555.43,,,,,
22693.04,,,,,
22516.83,,,,,
22338.15,,,,,
22342.00,,,,,
22271.77,,,,,
22270.39,,,,,
22304.51,,,,,
21811.93,,,,,
21785.54,,,,,
21717.04,,,,,
21546.99,,,,,
21788.14,,,,,
22052.18,,,,,
22196.89,,,,,
21932.21,,,,,
22187.96,,,,,
22597.35,,,,,
22697.36,,,,,
22794.19,,,,,
22764.68,,,,,
22697.88,,,,,
22396.99,,,,,
22510.48,,,,,
22614.25,,,,,
22586.87,,,,,
22712.75,,,,,
22544.84,,,,,
22553.72,,,,,
22746.70,,,,,
22512.53,,,,,
22525.18,,,,,
22507.32,,,,,
22662.74,,,,,
22644.31,,,,,
22598.39,,,,,
22298.08,,,,,
21857.43,,,,,
22356.08,,,,,
22204.22,,,,,
22192.04,,,,,
22270.38,,,,,
22199.00,,,,,
22219.73,,,,,
22362.55,,,,,
22410.82,,,,,
22601.77,,,,,
22799.64,,,,,
22813.47,,,,,
22848.22,,,,,
22869.50,,,,,
22865.15,,,,,
22707.38,,,,,
22696.90,,,,,
22580.83,,,,,
22487.94,,,,,
22307.06,,,,,
22373.09,,,,,
22664.69,,,,,
22604.61,,,,,
22821.32,,,,,
23094.67,,,,,
23420.54,,,,,
23672.52,,,,,
23674.93,,,,,
23869.93,,,,,
23940.26,,,,,
24033.79,,,,,
23796.74,,,,,
24120.04,,,,,
24245.76,,,,,
24270.62,,,,,
24110.96,,,,,
23975.62,,,,,
23783.72,,,,,
23469.39,,,,,
23506.04,,,,,
22590.86,,,,,
22694.66,,,,,
22271.30,,,,,
22549.24,,,,,
22841.12,,,,,
22658.16,,,,,
22532.08,,,,,
22614.82,,,,,
22010.78,,,,,
22091.18,,,,,
21268.73,,,,,
21184.60,,,,,
21149.80,,,,,
21457.29,,,,,
21920.46,,,,,
21687.65,,,,,
22243.66,,,,,
21898.99,,,,,
22147.75,,,,,
22085.80,,,,,
22486.92,,,,,
22250.25,,,,,
22269.88,,,,,
21810.52,,,,,
21846.48,,,,,
21803.62,,,,,
21680.34,,,,,
21821.16,,,,,
21583.12,,,,,
21507.54,,,,,
21646.55,,,,,
21812.00,,,,,
21952.40,,,,,
22177.02,,,,,
22262.60,,,,,
22351.06,,,,,
22574.76,,,,,
22036.05,,,,,
21919.33,,,,,
21501.62,,,,,
21678.68,,,,,
21219.50,,,,,
21148.02,,,,,
21602.75,,,,,
21816.19,,,,,
21374.83,,,,,
21506.88,,,,,
21115.45,,,,,
20987.92,,,,,
20392.58,,,,,
20166.19,,,,,
19155.74,,,,,
19327.06,,,,,
20077.62,,,,,
20014.77,,,,,
19561.96,,,,,
20038.97,,,,,
20204.04,,,,,
20427.06,,,,,
20163.80,,,,,
20359.70,,,,,
20555.29,,,,,
20442.75,,,,,
20402.27,,,,,
20666.07,,,,,
20719.33,,,,,
20622.91,,,,,
20593.72,,,,,
20574.63,,,,,
20773.56,,,,,
20649.00,,,,,
20664.64,,,,,
20556.54,,,,,
20773.49,,,,,
20788.39,,,,,
20883.77,,,,,
20844.45,,,,,
20874.06,,,,,
20751.28,,,,,
20333.17,,,,,
20864.21,,,,,
21144.48,,,,,
21139.71,,,,,
20900.63,,,,,
21281.85,,,,,
21302.65,,,,,
21431.49,,,,,
21464.23,,,,,
21425.51,,,,,
21528.23,,,,,
21449.39,,,,,
21556.51,,,,,
21385.16,,,,,
21602.69,,,,,
21822.04,,,,,
21726.28,,,,,
21596.81,,,,,
21456.01,,,,,
21025.56,,,,,
21125.09,,,,,
21503.69,,,,,
21290.24,,,,,
21287.02,,,,,
21450.85,,,,,
21584.50,,,,,
21566.85,,,,,
21608.92,,,,,
21627.34,,,,,
20977.11,,,,,
21428.39,,,,,
21378.73,,,,,
21033.76,,,,,
21205.81,,,,,
21509.03,,,,,
21505.31,,,,,
21713.21,,,,,
21724.95,,,,,
21807.50,,,,,
21761.65,,,,,
21802.59,,,,,
21687.57,,,,,
21711.38,,,,,
21870.56,,,,,
22169.11,,,,,
22221.66,,,,,
22277.97,,,,,
22090.12,,,,,
22200.56,,,,,
22217.90,,,,,
22259.74,,,,,
22200.00,,,,,
22307.58,,,,,
22258.73,,,,,
21923.72,,,,,
21602.59,,,,,
21402.13,,,,,
21344.92,,,,,
21191.28,,,,,
21067.23,,,,,
21188.56,,,,,
21062.98,,,,,
21250.09,,,,,
21301.73,,,,,
21272.45,,,,,
21283.37,,,,,
21151.14,,,,,
21117.22,,,,,
21182.58,,,,,
21260.14,,,,,
21003.37,,,,,
20942.53,,,,,
20601.19,,,,,
20410.88,,,,,
20408.54,,,,,
20776.10,,,,,
20774.04,,,,,
20884.71,,,,,
21134.42,,,,,
21204.28,,,,,
21129.72,,,,,
21032.00,,,,,
21116.89,,,,,
21124.00,,,,,
20972.71,,,,,
21333.87,,,,,
21462.86,,,,,
21258.64,,,,,
21285.99,,,,,
21193.81,,,,,
21086.59,,,,,
21338.17,,,,,
21275.92,,,,,
21729.97,,,,,
21754.27,,,,,
21638.16,,,,,
21702.45,,,,,
21746.38,,,,,
21534.35,,,,,
21565.15,,,,,
21533.48,,,,,
21643.53,,,,,
21685.90,,,,,
21535.25,,,,,
21469.18,,,,,
21046.24,,,,,
21466.99,,,,,
21416.79,,,,,
21620.88,,,,,
21709.57,,,,,
21756.55,,,,,
21658.15,,,,,
21616.80,,,,,
21709.31,,,,,
21521.53,,,,,
21540.99,,,,,
21087.16,,,,,
20720.29,,,,,
20585.31,,,,,
20516.56,,,,,
20593.35,,,,,
20684.82,,,,,
20455.44,,,,,
20655.13,,,,,
20405.65,,,,,
20418.81,,,,,
20563.16,,,,,
20677.22,,,,,
20618.57,,,,,
20628.01,,,,,
20710.91,,,,,
20261.04,,,,,
20456.08,,,,,
20479.42,,,,,
20460.93,,,,,
20704.37,,,,,
20620.19,,,,,
20625.16,,,,,
20649.14,,,,,
21085.94,,,,,
21199.57,,,,,
21318.42,,,,,
21392.10,,,,,
21597.76,,,,,
21759.61,,,,,
21988.29,,,,,
22001.32,,,,,
21960.71,,,,,
22044.45,,,,,
22079.09,,,,,
22098.84,,,,,
22020.15,,,,,
22048.24,,,,,
21878.90,,,,,
21755.84,,,,,
21885.24,,,,,
21778.61,,,,,
21341.74,,,,,
21410.20,,,,,
21375.25,,,,,
21587.78,,,,,
21456.38,,,,,
21551.98,,,,,
21798.87,,,,,
22207.21,,,,,
22472.92,,,,,
22451.86,,,,,
22492.68,,,,,
22548.90,,,,,
22625.38,,,,,
22750.60,,,,,
22799.81,,,,,
22867.27,,,,,
22974.13,,,,,
22843.12,,,,,
22927.04,,,,,
22850.77,,,,,
23251.99,,,,,
23303.82,,,,,
23330.32,,,,,
23391.87,,,,,
23331.84,,,,,
23520.01,,,,,
23319.87,,,,,
23141.55,,,,,
23303.32,,,,,
23416.76,,,,,
23292.65,,,,,
23148.57,,,,,
23038.58,,,,,
23112.88,,,,,
23292.81,,,,,
23373.32,,,,,
23437.77,,,,,
23409.14,,,,,
23293.91,,,,,
23529.50,,,,,
23379.81,,,,,
23135.23,,,,,
23300.09,,,,,
23354.40,,,,,
23430.70,,,,,
23410.19,,,,,
23391.86,,,,,
23424.81,,,,,
24023.10,,,,,
23952.35,,,,,
24066.12,,,,,
23934.43,,,,,
23864.85,,,,,
23816.63,,,,,
23821.11,,,,,
23830.58,,,,,
23782.87,,,,,
23924.92,,,,,
23837.72,,,,,
23656.62,,,,,
23204.86,,,,,
23575.72,,,,,
23204.76,,,,,
23739.87,,,,,
23850.57,,,,,
24025.17,,,,,
23916.58,,,,,
23933.13,,,,,
24041.26,,,,,
24083.51,,,,,
23864.56,,,,,
24031.35,,,,,
23795.44,,,,,
23827.18,,,,,
23343.51,,,,,
23215.71,,,,,
23379.40,,,,,
22977.75,,,,,
23205.18,,,,,
22971.94,,,,,
23084.59,,,,,
23319.56,,,,,
23873.59,,,,,
23827.98,,,,,
23685.98,,,,,
23861.21,,,,,
23827.73,,,,,
23687.59,,,,,
23523.24,,,,,
23193.80,,,,,
23400.70,,,,,
23479.15,,,,,
23386.74,,,,,
22605.41,,,,,
22426.19,,,,,
21948.23,,,,,
21142.96,,,,,
21344.08,,,,,
21082.73,,,,,
21100.06,,,,,
21329.12,,,,,
20749.75,,,,,
19698.76,,,,,
19867.12,,,,,
19416.06,,,,,
18559.63,,,,,
17431.05,,,,,
17002.04,,,,,
17011.53,,,,,
16726.55,,,,,
16552.83,,,,,
16887.78,,,,,
18092.35,,,,,
19546.63,,,,,
18664.60,,,,,
19389.43,,,,,
19084.97,,,,,
18917.01,,,,,
18065.41,,,,,
17818.72,,,,,
17820.19,,,,,
18576.30,,,,,
18950.18,,,,,
19353.24,,,,,
19345.77,,,,,
19498.50,,,,,
19043.40,,,,,
19638.81,,,,,
19550.09,,,,,
19290.20,,,,,
19897.26,,,,,
19669.12,,,,,
19280.78,,,,,
19137.95,,,,,
19429.44,,,,,
19262.00,,,,,
19783.22,,,,,
19771.19,,,,,
20193.69,,,,,
19619.35,,,,,
19674.77,,,,,
20179.09,,,,,
20390.66,,,,,
20366.48,,,,,
20267.05,,,,,
19914.78,,,,,
20037.47,,,,,
20133.73,,,,,
20433.45,,,,,
20595.15,,,,,
20552.31,,,,,
20388.16,,,,,
20741.65,,,,,
21271.17,,,,,
21419.23,,,,,
21916.31,,,,,
21877.89,,,,,
22062.39,,,,,
22325.61,,,,,
22613.76,,,,,
22695.74,,,,,
22863.73,,,,,
23178.10,,,,,
23091.03,,,,,
23124.95,,,,,
22472.91,,,,,
22305.48,,,,,
21530.95,,,,,
22582.21,,,,,
22455.76,,,,,
22355.46,,,,,
22478.79,,,,,
22437.27,,,,,
22549.05,,,,,
22534.32,,,,,
22259.79,,,,,
22512.08,,,,,
21995.04,,,,,
22288.14,,,,,
22121.73,,,,,
22145.96,,,,,
22306.48,,,,,
22714.44,,,,,
22614.69,,,,,
22438.65,,,,,
22529.29,,,,,
22290.81,,,,,
22784.74,,,,,
22587.01,,,,,
22945.50,,,,,
22770.36,,,,,
22696.42,,,,,
22717.48,,,,,
22884.22,,,,,
22751.61,,,,,
22715.85,,,,,
22657.38,,,,,
22397.11,,,,,
22339.23,,,,,
21710.00,,,,,
22195.38,,,,,
22573.66,,,,,
22514.85,,,,,
22418.15,,,,,
22329.94,,,,,
22750.24,,,,,
22843.96,,,,,
23249.61,,,,,
23289.36,,,,,
23096.75,,,,,
23051.08,,,,,
23110.61,,,,,
22880.62,,,,,
22920.30,,,,,
22985.51,,,,,
23296.77,,,,,
23290.86,,,,,
23208.86,,,,,
22882.65,,,,,
23139.76,,,,,
23138.07,,,,,
23247.15,,,,,
23465.53,,,,,
23205.43,,,,,
23089.95,,,,,
23274.13,,,,,
23032.54,,,,,
23235.47,,,,,
23406.49,,,,,
23559.30,,,,,
23454.89,,,,,
23475.53,,,,,
23319.37,,,,,
23360.30,,,,,
23346.49,,,,,
23087.82,,,,,
23204.62,,,,,
23511.62,,,,,
23539.10,,,,,
23185.12,,,,,
23185.12,,,,,
23029.90,,,,,
23312.14,,,,,
23433.73,,,,,
23422.82,,,,,
23647.07,,,,,
23619.69,,,,,
23558.69,,,,,
23601.78,,,,,
23626.73,,,,,
23507.23,,,,,
23410.63,,,,,
23671.13,,,,,
23567.04,,,,,
23639.46,,,,,
23474.27,,,,,
23516.59,,,,,
23494.34,,,,,
23485.80,,,,,
23418.51,,,,,
23331.94,,,,,
22977.13,,,,,
23295.48,,,,,
23695.23,,,,,
24105.28,,,,,
24325.23,,,,,
24839.84,,,,,
24905.59,,,,,
25349.60,,,,,
25520.88,,,,,
25385.87,,,,,
25906.93,,,,,
26014.62,,,,,
25728.14,,,,,
25634.34,,,,,
25527.37,,,,,
26165.59,,,,,
26296.86,,,,,
26537.31,,,,,
26644.71,,,,,
26433.62,,,,,
26787.54,,,,,
26800.98,,,,,
26809.37,,,,,
26751.24,,,,,
26547.44,,,,,
26467.08,,,,,
26817.94,,,,,
26756.24,,,,,
26652.52,,,,,
26732.44,,,,,
26687.84,,,,,
26757.40,,,,,
26806.67,,,,,
26763.39,,,,,
26714.42,,,,,
26436.39,,,,,
26524.79,,,,,
26668.35,,,,,
26656.61,,,,,
26854.03,,,,,
27568.15,,,,,
27444.17,,,,,
27258.38,,,,,
27158.63,,,,,
27055.94,,,,,
27490.13,,,,,
28139.03,,,,,
28164.34,,,,,
28456.59,,,,,
28698.26,,,,,
28519.18,,,,,
28242.21,,,,,
28633.46,,,,,
28523.26,,,,,
28756.86,,,,,
28631.45,,,,,
28822.29,,,,,
28546.18,,,,,
28635.21,,,,,
28197.42,,,,,
27663.39,,,,,
28091.05,,,,,
28362.17,,,,,
28646.50,,,,,
28341.95,,,,,
28779.19,,,,,
29388.50,,,,,
29505.93,,,,,
29562.93,,,,,
29520.07,,,,,
30084.15,,,,,
30467.75,,,,,
30292.19,,,,,
30236.09,,,,,
30017.92,,,,,
30156.03,,,,,
29671.70,,,,,
30168.27,,,,,
28966.01,,,,,
29663.50,,,,,
29408.17,,,,,
29559.10,,,,,
28930.11,,,,,
28864.32,,,,,
28743.25,,,,,
29027.94,,,,,
29036.56,,,,,
29211.64,,,,,
29717.83,,,,,
29766.97,,,,,
29921.09,,,,,
29914.33,,,,,
30216.75,,,,,
29792.05,,,,,
29174.15,,,,,
28995.92,,,,,
28405.52,,,,,
28729.88,,,,,
29176.70,,,,,
29384.52,,,,,
29432.70,,,,,
29178.80,,,,,
29388.87,,,,,
29854.00,,,,,
30089.25,,,,,
29696.63,,,,,
29730.79,,,,,
29708.98,,,,,
29768.06,,,,,
29538.73,,,,,
29751.61,,,,,
29620.99,,,,,
29642.69,,,,,
29683.37,,,,,
29685.37,,,,,
29100.38,,,,,
28508.55,,,,,
29188.17,,,,,
29020.63,,,,,
29126.23,,,,,
28991.89,,,,,
29053.97,,,,,
28812.63,,,,,
29331.37,,,,,
29357.82,,,,,
29518.34,,,,,
28608.59,,,,,
28147.51,,,,,
27448.01,,,,,
28084.47,,,,,
27824.83,,,,,
28406.84,,,,,
28044.45,,,,,
28098.25,,,,,
28317.83,,,,,
28364.61,,,,,
28553.98,,,,,
28642.19,,,,,
28549.01,,,,,
29149.41,,,,,
28860.08,,,,,
28814.34,,,,,
28946.14,,,,,
29058.11,,,,,
28941.52,,,,,
29019.24,,,,,
28963.56,,,,,
28860.80,,,,,
28958.56,,,,,
28948.73,,,,,
29161.80,,,,,
29441.30,,,,,
29291.01,,,,,
29018.33,,,,,
28964.08,,,,,
28010.93,,,,,
28884.13,,,,,
28874.89,,,,,
28875.23,,,,,
29066.18,,,,,
29048.02,,,,,
28812.61,,,,,
28791.53,,,,,
28707.04,,,,,
28783.28,,,,,
28598.19,,,,,
28643.21,,,,,
28366.95,,,,,
28118.03,,,,,
27940.42,,,,,
28569.02,,,,,
28718.24,,,,,
28608.49,,,,,
28279.09,,,,,
28003.08,,,,,
27652.74,,,,,
27388.16,,,,,
27548.00,,,,,
27833.29,,,,,
27970.22,,,,,
27581.66,,,,,
27782.42,,,,,
27283.59,,,,,
27781.02,,,,,
27641.83,,,,,
27584.08,,,,,
27728.12,,,,,
27820.04,,,,,
27888.15,,,,,
28070.51,,,,,
28015.02,,,,,
27977.15,,,,,
27523.19,,,,,
27424.47,,,,,
27585.91,,,,,
27281.17,,,,,
27013.25,,,,,
27494.24,,,,,
27732.10,,,,,
27724.80,,,,,
27742.29,,,,,
27641.14,,,,,
27789.29,,,,,
28089.54,,,,,
28451.02,,,,,
28543.51,,,,,
29128.11,,,,,
29659.89,,,,,
29916.14,,,,,
30181.21,,,,,
30008.19,,,,,
30381.84,,,,,
30447.37,,,,,
30670.10,,,,,
30511.71,,,,,
30323.34,,,,,
30500.05,,,,,
29839.71,,,,,
29639.40,,,,,
30248.81,,,,,
30240.06,,,,,
30183.96,,,,,
29544.29,,,,,
29452.66,,,,,
28771.07,,,,,
28444.89,,,,,
27822.12,,,,,
27528.87,,,,,
27678.21,,,,,
28048.94,,,,,
28498.20,,,,,
28230.61,,,,,
28140.28,,,,,
28550.93,,,,,
29068.63,,,,,
29025.46,,,,,
29215.52,,,,,
29255.55,,,,,
28708.58,,,,,
28804.85,,,,,
28600.41,,,,,
29106.01,,,,,
29098.24,,,,,
28820.09,,,,,
28892.69,,,,,
29647.08,,,,,
29520.90,,,,,
29794.37,,,,,
29611.57,,,,,
29507.05,,,,,
29285.46,,,,,
29106.78,,,,,
29277.86,,,,,
29609.97,,,,,
29776.80,,,,,
29808.12,,,,,
29688.33,,,,,
29598.66,,,,,
29745.87,,,,,
29774.11,,,,,
29302.66,,,,,
29499.28,,,,,
28751.62,,,,,
28283.92,,,,,
27821.76,,,,,
27935.62,,,,,
27753.37,,,,,
28029.57,,,,,
27927.37,,,,,
28455.60,,,,,
28860.62,,,,,
28725.47,,,,,
28437.77,,,,,
28640.49,,,,,
28432.64,,,,,
28459.72,,,,,
29066.32,,,,,
28545.68,,,,,
27937.81,,,,,
28517.59,,,,,
28562.21,,,,,
28798.37,,,,,
28782.59,,,,,
28676.46,,,,,
29069.16,,,,,
28906.88,,,,,
28791.71,,,,,
29301.79,,,,,
29332.16,,,,,
28487.87,,,,,
28478.56,,,,,
28222.48,,,,,
28765.66,,,,,
28489.13,,,,,
28124.28,,,,,
28333.52,,,,,
28257.25,,,,,
27467.23,,,,,
27772.93,,,,,
27522.26,,,,,
27588.37,,,,,
27131.34,,,,,
27011.33,,,,,
26170.30,,,,,
26717.34,,,,,
27001.98,,,,,